b,p,c,pt,rs,ct1,ct2,pi,requests_completed, producer_blocked,consumer_blocked,producer_block_time,consumer_block_time
256,2,2,0.00050,50.00,0.0500,0.0050,0.50,62055,41,56484,0.05323696,0.74001741
256,2,2,0.00050,50.00,0.0500,0.0050,0.50,62140,29,57175,0.02719474,0.71241069
256,2,3,0.00050,50.00,0.0500,0.0050,0.50,54103,131,50625,0.14371729,0.91257668
256,2,3,0.00050,50.00,0.0500,0.0050,0.50,61999,623,42583,0.91571307,0.65155864
256,3,2,0.00050,50.00,0.0500,0.0050,0.50,68365,5,61790,0.00536370,5.57870293
256,3,2,0.00050,50.00,0.0500,0.0050,0.50,56729,16,53751,0.01427269,5.80090213
256,3,3,0.00050,50.00,0.0500,0.0050,0.50,65270,26,53232,0.02132487,5.62272120
256,3,3,0.00050,50.00,0.0500,0.0050,0.50,65408,20,54593,0.02472234,5.63570499
